{"Mean":{"confidence_interval":{"confidence_level":0.95,"lower_bound":67496.90445322481,"upper_bound":71284.21556219057},"point_estimate":69090.41557996342,"standard_error":975.2394517674977},"Median":{"confidence_interval":{"confidence_level":0.95,"lower_bound":66112.8419702311,"upper_bound":67926.74066666666},"point_estimate":66491.07088122604,"standard_error":530.3969259432536},"MedianAbsDev":{"confidence_interval":{"confidence_level":0.95,"lower_bound":2635.239885000861,"upper_bound":5131.62554948451},"point_estimate":4034.379636881172,"standard_error":667.4321061850841},"Slope":{"confidence_interval":{"confidence_level":0.95,"lower_bound":67078.02086652546,"upper_bound":69423.62790630455},"point_estimate":68152.78742859958,"standard_error":601.2216351827022},"StdDev":{"confidence_interval":{"confidence_level":0.95,"lower_bound":4370.757778467439,"upper_bound":15228.428352998644},"point_estimate":9771.384505761924,"standard_error":3419.3083204734166}}