{"Mean":{"confidence_interval":{"confidence_level":0.95,"lower_bound":62640.535381023714,"upper_bound":63898.0929015661},"point_estimate":63123.01861409876,"standard_error":338.15184420967574},"Median":{"confidence_interval":{"confidence_level":0.95,"lower_bound":62461.79276315789,"upper_bound":62656.931026785714},"point_estimate":62568.793059777105,"standard_error":48.01188142368945},"MedianAbsDev":{"confidence_interval":{"confidence_level":0.95,"lower_bound":295.89662120738404,"upper_bound":459.1886561510429},"point_estimate":369.7807776057551,"standard_error":40.73498631010359},"Slope":{"confidence_interval":{"confidence_level":0.95,"lower_bound":62584.23841584498,"upper_bound":64032.062622618025},"point_estimate":63107.40157085858,"standard_error":392.80764899196123},"StdDev":{"confidence_interval":{"confidence_level":0.95,"lower_bound":732.9145948014859,"upper_bound":5622.401875979484},"point_estimate":3392.0224429802893,"standard_error":1568.1456595393454}}