{"Mean":{"confidence_interval":{"confidence_level":0.95,"lower_bound":75383.48323761021,"upper_bound":76056.60561163424},"point_estimate":75674.6622847377,"standard_error":172.9445502796051},"Median":{"confidence_interval":{"confidence_level":0.95,"lower_bound":75269.2844387755,"upper_bound":75639.46831741417},"point_estimate":75544.1992481203,"standard_error":100.55341967345142},"MedianAbsDev":{"confidence_interval":{"confidence_level":0.95,"lower_bound":583.5449509983268,"upper_bound":981.9175916390747},"point_estimate":802.0859326386799,"standard_error":102.54723688578993},"Slope":{"confidence_interval":{"confidence_level":0.95,"lower_bound":75095.8318872077,"upper_bound":75528.42302286357},"point_estimate":75309.60616479132,"standard_error":110.14815945605025},"StdDev":{"confidence_interval":{"confidence_level":0.95,"lower_bound":782.2360507034632,"upper_bound":2674.1904117683657},"point_estimate":1742.8026511702778,"standard_error":547.396406550866}}