{"Mean":{"confidence_interval":{"confidence_level":0.95,"lower_bound":70865.42608292164,"upper_bound":71806.0706609644},"point_estimate":71282.32318436076,"standard_error":241.91886239389194},"Median":{"confidence_interval":{"confidence_level":0.95,"lower_bound":70425.37142857142,"upper_bound":70962.55639097745},"point_estimate":70725.06069970845,"standard_error":151.52456154290212},"MedianAbsDev":{"confidence_interval":{"confidence_level":0.95,"lower_bound":652.79151013854,"upper_bound":1173.392780953835},"point_estimate":904.2134809395985,"standard_error":142.16558244641226},"Slope":{"confidence_interval":{"confidence_level":0.95,"lower_bound":70229.74556371207,"upper_bound":71265.59079907548},"point_estimate":70629.72334987017,"standard_error":279.4222973147713},"StdDev":{"confidence_interval":{"confidence_level":0.95,"lower_bound":1115.8827191706016,"upper_bound":3600.576370861468},"point_estimate":2432.7645301852895,"standard_error":650.8801023142144}}