{"Mean":{"confidence_interval":{"confidence_level":0.95,"lower_bound":57000.60974467301,"upper_bound":59547.9808373228},"point_estimate":58183.08889616781,"standard_error":650.7305588690951},"Median":{"confidence_interval":{"confidence_level":0.95,"lower_bound":55625.735714285714,"upper_bound":55740.035947712415},"point_estimate":55689.30401411137,"standard_error":29.310281951813618},"MedianAbsDev":{"confidence_interval":{"confidence_level":0.95,"lower_bound":153.1508613088034,"upper_bound":347.1810129321373},"point_estimate":247.04929622348257,"standard_error":51.040251318036994},"Slope":{"confidence_interval":{"confidence_level":0.95,"lower_bound":55904.0298127334,"upper_bound":57794.36642097729},"point_estimate":56676.07866147809,"standard_error":495.5059647758844},"StdDev":{"confidence_interval":{"confidence_level":0.95,"lower_bound":4372.03207615576,"upper_bound":8369.574096443917},"point_estimate":6568.038517377354,"standard_error":1020.9504740842314}}